id,name,stars,date,review,image,title,avatar,foundThisHelpful
1,Margret Stokes,14,"Reviewed in the United States on October 20, 2019",Rerum soluta consequuntur qui quaerat ratione voluptatibus culpa iure saepe. Debitis qui beatae hic officiis exercitationem nostrum tempore. Fugiat quia voluptatem quas corporis veritatis animi ea velit. Tenetur nostrum ratione similique aliquid minima voluptate fuga nisi. Quaerat porro quod quam ut voluptates sed. Velit doloribus ipsa et ipsum consequuntur. Iusto maxime officiis.,PLACEHOLDER_FOR_URL,Quos voluptatem vel et quia maiores autem veniam.,14,36
1,Augustine Gerhold,12,"Reviewed in the United States on July 14, 2018",Repudiandae assumenda ipsa et vitae. Earum aspernatur est rerum quo fuga ipsum. Amet eaque ab dolores ratione laboriosam perferendis ea. Eligendi qui blanditiis incidunt quibusdam mollitia et.,PLACEHOLDER_FOR_URL,Error debitis quasi vel vel.,15,60
1,Anais Keeling,11,"Reviewed in the United States on November 15, 2019",Nisi laborum enim delectus commodi. Ipsa consequatur in. Et quos non eaque quo sit reprehenderit voluptas. Eum rerum quae ea ab sit facilis. Autem aut cupiditate corrupti vitae. Quaerat et tempore ut quis soluta harum incidunt rerum porro. Expedita praesentium at voluptate sit. In minima qui ab doloribus natus sit explicabo non.,PLACEHOLDER_FOR_URL,Aspernatur provident repudiandae est.,3,23
2,Greg Keebler,19,"Reviewed in the United States on June 8, 2018",Minus porro magni odio distinctio adipisci ipsa quidem. Dolorem id rem eum tempore et. Illum soluta et dolor suscipit asperiores laboriosam beatae repellat officia. Ab non odit distinctio sunt est qui. Earum beatae et itaque temporibus accusantium. Sequi perferendis eveniet quaerat.,PLACEHOLDER_FOR_URL,In necessitatibus necessitatibus.,15,53
2,Leonardo Konopelski,6,"Reviewed in the United States on October 8, 2019",Dolorem est molestias. Quod debitis at quod. Harum suscipit eligendi impedit molestiae a voluptates. Reprehenderit deserunt recusandae nam eum. In delectus incidunt error. Rerum ut perspiciatis omnis dolorum quia necessitatibus consectetur fugiat. In quia dolores praesentium nihil minima nulla. Eligendi aliquam nobis. Dolorum ea impedit eaque voluptatum voluptatem molestiae facilis ea. In consequatur dignissimos fuga aut.,PLACEHOLDER_FOR_URL,Repudiandae soluta commodi voluptas est eum vero.,9,59
2,Melisa Schaden,17,"Reviewed in the United States on May 8, 2018",Consequuntur voluptates adipisci neque impedit dolores labore sit optio deleniti. Aut commodi eligendi necessitatibus et praesentium consequatur voluptas repudiandae. Ratione occaecati velit magnam dolore quis. Et error velit vel necessitatibus rerum. Temporibus architecto libero. Aut expedita officia velit fugiat sequi consequatur itaque eum labore. Tempore debitis ipsa ex fugit. Adipisci officia sit ad ab nesciunt veniam.,PLACEHOLDER_FOR_URL,Incidunt impedit ea voluptas officia fugit.,11,27
3,Celestino Herzog,6,"Reviewed in the United States on March 21, 2018",Aliquam omnis velit reprehenderit quo distinctio commodi. Quisquam est culpa libero incidunt nihil qui. Sit molestiae enim architecto. Ut maiores aut. Aut dolorem accusantium autem qui earum sunt dignissimos. Voluptas sapiente qui animi ipsam velit voluptas veritatis sed. Recusandae amet cupiditate deleniti rerum. Accusantium qui et at aut aut aut assumenda omnis adipisci. Quis itaque sunt ut dolores sunt placeat porro molestiae.,PLACEHOLDER_FOR_URL,Et assumenda et ea provident ut et.,3,7
3,Jovany Gibson,5,"Reviewed in the United States on May 14, 2019",Quia eaque voluptatem quia aut et. Recusandae impedit ut illum blanditiis sint commodi dignissimos impedit. Neque magni eum aut blanditiis sunt. Sunt provident tempore id est ratione quod. Aliquid sit velit magni. Sunt numquam enim exercitationem labore rerum velit nobis. Sint non sit adipisci nam reprehenderit ex maiores omnis.,PLACEHOLDER_FOR_URL,Aspernatur nihil totam et.,8,42
3,Queenie Kirlin,13,"Reviewed in the United States on March 21, 2018",Nisi consectetur neque. Nemo atque labore reiciendis qui consequatur voluptatibus quae. Aut veniam quo aperiam quia placeat et esse quo quis. Voluptatem non sed optio ad facere possimus. Assumenda quia reprehenderit ab dolorem doloremque nihil est occaecati voluptas. Est dolores quibusdam necessitatibus veniam. Omnis maiores et id. Quia inventore sed.,PLACEHOLDER_FOR_URL,Perspiciatis ut nam.,10,72
3,Lacey Dooley,12,"Reviewed in Burkina Faso on May 28, 2019",Molestiae laudantium dolore. Optio molestiae voluptatem reiciendis in quam optio et hic totam. Occaecati ipsam ea deleniti est sequi. Neque et sapiente odio hic quisquam. Aut reiciendis suscipit illo sed est labore pariatur cumque. Accusamus id animi perferendis fugiat et ut. Voluptatibus ipsa dignissimos. Sed dolores provident reiciendis nihil.,PLACEHOLDER_FOR_URL,Voluptatibus facilis beatae autem qui corporis laborum.,8,20
4,Rodrick Veum,8,"Reviewed in the United States on January 5, 2018",Est quas aliquid distinctio dolores dolorum sapiente ab aspernatur. Ea ab sunt dolorem. Magnam molestias et. Velit assumenda et et. Repudiandae quisquam laborum error qui porro sed et itaque. Incidunt labore provident praesentium quam laudantium placeat non ut. Iste ea inventore iusto et ea eaque eos voluptatem praesentium. Voluptatem eveniet velit aliquid adipisci optio quaerat.,PLACEHOLDER_FOR_URL,Temporibus nihil ut nemo.,12,43
4,Dedrick Johnston,18,"Reviewed in Burkina Faso on February 14, 2019",Et molestiae reprehenderit mollitia. Fugit ab temporibus qui commodi eligendi. Mollitia fugit perspiciatis cupiditate tenetur quaerat quas voluptas natus et. Culpa et optio et odit sint eius. Ea quia laboriosam voluptatem omnis autem non similique ad cumque. Facilis perferendis facilis et quidem. Ut deserunt id itaque nobis nobis nesciunt. Doloribus voluptatem et. Quos voluptatem impedit et.,PLACEHOLDER_FOR_URL,Tempora alias ducimus vitae quia.,7,25
4,Jazmin Bode,12,"Reviewed in Burkina Faso on August 12, 2019",Beatae nihil dolor beatae nihil deleniti nam ut. Dolores nihil officiis officiis odit. Ut totam et. Omnis ut pariatur quos et. Ipsa distinctio odio quae quia aut rerum. Ducimus ipsum voluptate qui. Vitae velit unde provident commodi dolor sint. Impedit fugiat voluptas ratione deserunt soluta consequuntur a. Debitis occaecati autem et. Non pariatur magni atque ratione est quis necessitatibus harum vero. Vel sint eaque eum aut qui vel quia temporibus. Sed sit et reiciendis dicta dolores repellendus sunt quisquam ut.,PLACEHOLDER_FOR_URL,Accusantium et sunt assumenda.,9,23
4,Nicole Thompson,20,"Reviewed in the United States on June 24, 2019",Qui laudantium asperiores voluptas voluptas architecto labore enim rem. Aut excepturi omnis. Delectus et enim omnis quo rerum. Rerum neque qui sequi. Autem doloremque dolorem harum iure et quas. Et doloribus repudiandae. Pariatur vel in reiciendis ullam officiis. Aut est a. Dignissimos officia dolores quibusdam distinctio et. Facilis vitae quo quas. Et harum nesciunt qui in voluptatem consequatur eius consectetur.,PLACEHOLDER_FOR_URL,Omnis dolor expedita laborum eius eos id impedit.,2,45
4,Tyrel Frami,8,"Reviewed in the United States on March 6, 2018",Ducimus asperiores unde laboriosam temporibus error hic deserunt veritatis. Iure nihil nisi non repudiandae a. Qui nobis sed est animi voluptatibus delectus eius. Ad alias blanditiis sit. Et sit delectus. Asperiores et et et. Placeat dicta illo et sunt nisi aut dicta unde distinctio.,PLACEHOLDER_FOR_URL,Fuga et asperiores dolores eum amet.,0,62
5,Libby Abshire,2,"Reviewed in the United States on August 3, 2018",Vero distinctio et dignissimos rerum numquam exercitationem reiciendis adipisci. Ea voluptatem quis error. Nesciunt quia atque eos et et officia nulla. Fugiat impedit consequatur voluptatem ab omnis ducimus. Fuga et aut dignissimos et minima laborum enim ipsa quis. Dignissimos nulla totam dicta. Sunt et dolore voluptas ut sed corrupti ea. Pariatur nostrum omnis odit omnis a laborum dolore hic.,PLACEHOLDER_FOR_URL,Ea velit doloremque sunt facilis.,11,2
5,Kaela Larkin,14,"Reviewed in the United States on April 17, 2019",Harum debitis minima libero tempora maxime. Ipsa asperiores numquam sint laudantium voluptatibus. Aperiam modi velit ut commodi quam accusantium distinctio. Aperiam facere recusandae sequi. Similique qui occaecati sit dolorem. Sed ut eum vel rerum itaque magni. Facilis nemo assumenda. Et cum dolorem porro.,PLACEHOLDER_FOR_URL,Necessitatibus enim mollitia.,9,81
5,Cecilia Little,8,"Reviewed in the United States on January 21, 2018",Illum labore ab tenetur repudiandae atque odio exercitationem laboriosam aperiam. Dolor molestiae in veniam ea corporis error tenetur quo ratione. Consequatur suscipit natus veritatis sint non odio nisi. Et et consequatur et inventore excepturi. Rerum provident sit fugiat corrupti beatae. Facere omnis assumenda. Soluta reiciendis ut vero. Esse natus voluptates voluptates est.,PLACEHOLDER_FOR_URL,At laborum molestiae quisquam neque.,14,18
6,Marcelino Sporer,2,"Reviewed in the United States on April 13, 2019",Nostrum voluptas reprehenderit. Aut blanditiis non iste aut molestias non accusantium. Ut quam asperiores maiores et sed totam. Hic sit eum ut atque excepturi facere. Est in voluptatem vel vel. Autem natus eius quisquam dolor sed.,PLACEHOLDER_FOR_URL,Dolorem quia non minus id odio ea.,7,84
6,Moshe Walter,2,"Reviewed in the United States on October 19, 2018",Quasi impedit et debitis et voluptates reiciendis. Quia ex sequi commodi illum qui magnam. Quis architecto non libero cum soluta aut inventore. Eveniet et soluta cupiditate itaque provident id praesentium atque sint. Vel ipsum et qui modi assumenda commodi. Odio illo harum et numquam voluptatibus magni dolore. Explicabo voluptatum est commodi dolorum enim corrupti eligendi.,PLACEHOLDER_FOR_URL,Ipsa qui quas possimus.,14,12
7,Wava Schmitt,9,"Reviewed in the United States on July 4, 2018",Vero eos numquam quia aut et architecto in atque sed. Enim aut iure porro autem. Repudiandae earum natus eos. Eaque saepe sunt. Ut distinctio natus aliquam amet quia alias magnam doloribus. Quam doloribus repudiandae dolorem inventore. Repudiandae quia architecto rerum ullam hic repudiandae nam est sit. Porro sunt rerum id debitis.,PLACEHOLDER_FOR_URL,Error non aut doloremque.,1,83
7,Murray Reinger,12,"Reviewed in the United States on November 7, 2018",Ut iste magnam maxime aut vero. Rerum sed asperiores illum. Qui minus iusto necessitatibus quo qui officiis nihil voluptas saepe. Nihil sed aut inventore quia non eius. Ut soluta incidunt suscipit dolores qui. Eum et tempore aut.,PLACEHOLDER_FOR_URL,Dignissimos repellendus quae velit praesentium tempora eligendi odit omnis libero.,1,66
8,Hannah Harber,7,"Reviewed in the United States on September 22, 2019",Sunt ducimus maxime placeat dolorum non harum. Animi ut placeat culpa iusto occaecati nostrum. Occaecati excepturi accusantium est autem enim commodi sint ea corporis. A sit placeat quia. Sint enim vel quasi aliquam et possimus. Dolorem repudiandae id tenetur animi et. Explicabo autem molestias quam soluta libero. Rerum dolorem cum sit assumenda harum voluptatem modi aut.,PLACEHOLDER_FOR_URL,Quia a mollitia explicabo est et numquam illum omnis.,7,49
8,Savion Kautzer,0,"Reviewed in the United States on March 28, 2018",Culpa harum magnam voluptas esse corrupti ullam tempore ipsa. Explicabo reprehenderit totam aut autem libero itaque officia. Quia praesentium voluptatem reprehenderit. Nulla autem reprehenderit rerum quia. Nesciunt doloremque in sit ut. Saepe quis optio quo rem quia molestiae. In dolorem quo qui numquam sint a autem. Et fuga debitis aliquam. Magni ducimus explicabo animi autem. Ut facere atque est.,PLACEHOLDER_FOR_URL,Vero commodi ducimus delectus tempora distinctio.,13,17
8,Grant Kuhic,5,"Reviewed in the United States on December 16, 2018",Eos aut sed dolorem doloremque ipsa sit. Expedita similique aspernatur et quis. Reprehenderit error id minima. Non dolores iusto sint ut est quae inventore et qui. Voluptatem quam voluptatem nostrum id et quis sed debitis perferendis. Est quis voluptatem corporis rem ut laboriosam pariatur incidunt eos.,PLACEHOLDER_FOR_URL,Quia dolores sed aliquam ratione tempora omnis.,14,1
8,Janae Sawayn,6,"Reviewed in Burkina Faso on May 7, 2019",Nostrum numquam aliquid. Enim similique qui consectetur sint iure perspiciatis assumenda non. Ut minima accusamus nesciunt. Soluta ipsa quibusdam repellat et quis dolor blanditiis. Voluptates est ut ducimus. Ut nemo tenetur praesentium aperiam. Quod ad eum eaque soluta ex a delectus vero aspernatur. Quia rem possimus deleniti distinctio. Voluptatem reprehenderit qui nesciunt quia quia voluptatibus.,PLACEHOLDER_FOR_URL,Natus magni ratione exercitationem nesciunt atque ipsum.,5,16
8,Danny Schmeler,9,"Reviewed in the United States on January 27, 2018",Quia odit omnis. Magnam ut rerum in expedita ducimus pariatur facilis. Quidem ut modi sunt. Fuga quo fugit impedit quia vitae. Et sed est. Voluptatem eos velit animi. Quibusdam numquam ipsam eius sed sit pariatur harum quibusdam. Fuga magni est. Nobis enim tempora repellendus. Consequatur nobis atque ab occaecati ullam similique omnis ea. Corrupti repellat modi dolorem velit facere at. Ullam quo incidunt enim officia nostrum repellendus non.,PLACEHOLDER_FOR_URL,Nesciunt quos nulla ut exercitationem non ipsum tenetur nesciunt illo.,3,53
9,Nick VonRueden,0,"Reviewed in the United States on January 7, 2018",Est voluptates et sequi et quo quod explicabo vero. Ipsam nulla aperiam suscipit iure et. Ipsa ut ea eum nihil aut numquam neque necessitatibus. Repudiandae sed sequi. Rem est et. Nisi ab dicta quae. Quos ut ipsum ullam non mollitia. Necessitatibus consequatur illum qui dolor fugit itaque harum maiores iste. Labore molestiae quia.,PLACEHOLDER_FOR_URL,Vel consectetur et natus.,4,17
10,Madilyn Corkery,3,"Reviewed in the United States on October 1, 2018",Recusandae sed eos neque optio nulla omnis repellat quod. Saepe voluptatum veritatis dolor magnam est eius. Nihil voluptas rerum rem consequatur minus pariatur necessitatibus vitae earum. Vitae inventore voluptas incidunt. Voluptatem vitae et sequi. Unde in et molestiae nihil. Fuga sint id et quam culpa nesciunt. Repellat ut mollitia neque. Dicta qui modi et autem.,PLACEHOLDER_FOR_URL,Commodi sit impedit numquam voluptatem.,8,72
10,Adriel Runolfsdottir,12,"Reviewed in Burkina Faso on January 13, 2018",Consectetur ullam voluptatem voluptas cupiditate ut praesentium. Enim omnis velit nemo illum neque. Libero quia et et nihil et nisi aliquam reiciendis. Aut est molestias consequatur voluptatem est aut. Officiis doloribus dolores neque voluptatum voluptatum et. Vel perferendis ullam blanditiis assumenda et beatae beatae laudantium. Officiis nihil corrupti magni. Sit exercitationem facilis ea iste qui temporibus facilis sequi sapiente. Similique aut perferendis officia voluptatem. Quasi minima doloribus labore qui porro.,PLACEHOLDER_FOR_URL,Sunt exercitationem distinctio adipisci et.,14,30
